id,conversation_id,user_query,agent_reply,all expterts response,rouge
1,1,"Hi, I'm looking to get motor insurance for my new electric vehicle. It's a 2024 Tesla Model 3.","Great choice! The Tesla Model 3 is an excellent vehicle. Since you've opted for an EV, are you particularly interested in coverage specific to electric vehicles, like battery protection?","I understand your interest in specialized insurance options for EVs. Yes, I'm very interested in coverage that specifically protects against battery damage. In fact, I've been looking into options that cover the batteries themselves, rather than just the vehicle. Have you explored any of those options? I've actually checked out some of the major insurance companies that offer such coverage. It seems like it could be a great way to protect your investment in your vehicle.",0.27522935779816515
2,1,"Yes, battery protection is definitely a concern. It's a big investment, and I want to make sure it's covered.","Absolutely. The battery is the heart of your Tesla. With Tata AIG, you get rapid claims resolution combining thorough coverage with rapid claims resolution. It integrates technology with traditional risk management practices, ensuring that claims are processed quickly and effectively.","Thank you for sharing your perspective. It’s completely valid to question the environmental impact of electric cars—there’s certainly a lot of debate around it. While no solution is perfect, research does show that electric vehicles tend to produce fewer emissions over their lifetime, especially when powered by renewable energy sources. We appreciate open conversations like this, as they help drive better awareness and improvements in sustainable technology.",0.15384615384615383
3,1,What kind of coverage options do you have specifically for EVs?,"We offer a comprehensive plan that includes coverage for accidental damage, theft, and third-party liability. More importantly, we offer add-ons like Zero Depreciation Cover and Engine & Gearbox Protection. And our online policy management system makes everything simple for someone like you.","We offer a comprehensive plan that includes coverage for accidental damage, theft, and third party liability. More importantly, we offer add ons like Zero Depreciation Cover and Engine & Gearbox Protection. And our online policy management system makes everything simple for someone like you. Analyze the extracted key terms The extracted key terms are: comprehensive plan coverage accidental damage theft third party liability add ons Zero Depreciation Cover",0.7818181818181819
4,1,"Okay, that sounds pretty good. Can you give me a quote?","Sure. For a 2024 Tesla Model 3 with comprehensive coverage including battery protection and roadside assistance, the annual premium would be approximately $2800. This includes a discount for purchasing the policy online.",Thank you for providing the necessary documents. I've verified the information and processed the application. Please confirm that all the details are correct and accurate.,0.13793103448275862
5,1,That's within my budget. What's the claim process like if I need to use it?,"The claim process is designed to be as smooth and hassle-free as possible. Accidents are unpredictable, but the financial stress doesn’t have to be. We offer prompt claims settlement, so you can focus on recovery, not paperwork. Our team is available 24/7 to guide you through the process.","Thank you for sharing your perspective. It’s completely valid to question the environmental impact of electric cars—there’s certainly a lot of debate around it. While no solution is perfect, research does show that electric vehicles tend to produce fewer emissions over their lifetime, especially when powered by renewable energy sources. We appreciate open conversations like this, as they help drive better awareness and improvements in sustainable technology. ",0.15267175572519084
7,2,"Hi, I'm looking to get insurance for my bike. It's a 2022 Royal Enfield Interceptor 650.","The Interceptor 650 is an excellent bike! As a professional, do you use it mainly for leisure or commuting?","The Interceptor 650 is a versatile bike, designed for both commuting and leisure activities. Its sleek design, responsive handling, and powerful engine make it an excellent choice for both riders who need a reliable workhorse and those who want to enjoy the freedom of the open road.",0.3636363636363636
8,2,"Mostly for weekend rides, so leisure I guess.","Since you are not a daily commuter, you might not need the most expensive plan out there. However, accidents can still happen, especially on leisure rides. Our comprehensive plan ensures you're financially protected from unexpected damages.","agent, daily, commuter, most, expensive, plan, comprehensive, plan, financial, protection, accidents, unexpected, damages def generate agent response(text): """""" Generates an agent response based on the input text. Args: text (str): The input text to be used to generate the agent response. Returns: str: The generated agent response. """""" Initialize an empty string to store the agent response response = """" Split",0.29473684210526313
9,2,What's covered in a comprehensive plan?,"It covers damages to your bike from accidents, theft, natural disasters, and third-party liabilities. Tata AIG is designed to address modern vehicle risks, this insurance product combines thorough coverage with rapid claims resolution.",", damages, theft, natural disasters, third party liabilities, vehicle risks, Tata AIG, claims resolution Coreference Resolution To refine the output, we need to identify the pronouns and ambiguous references in the text. Let's analyze the sentence and identify the pronouns and coreferences. def resolve coreference(text): Tokenize the text tokens = re.findall(r' b w+ b', text)",0.3516483516483516
10,2,"Okay, that sounds good. What about roadside assistance?","Roadside assistance is available as part of our comprehensive coverage and offers help if you experience vehicle breakdowns, requiring towing services, tire changes, fuel delivery, or emergency repairs while on the road.","Thank you for sharing your concerns. Our comprehensive coverage and support services are available to assist you in various situations, including vehicle breakdowns, towing services, tire changes, fuel delivery, or emergency repairs while on the road. Please feel free to contact our customer service representatives 24/7 to discuss your concerns or ask any questions you may have. Note: Please replace ""Roadside assistance is available as part of our comprehensive coverage and offers help if you experience vehicle breakdowns,",0.5585585585585585
11,2,How much would this cost me?,"For a 2022 Royal Enfield Interceptor 650 with comprehensive coverage, it would be approximately $950 annually. And since you only use your bike for leisure, we can offer a discount making it $850 annually.","Thank you for the compliment! The Interceptor 650 is a fantastic bike, and we're happy to offer a discount on the annual fee. Can you tell me more about the costs associated with owning this bike? The final answer is: Thank you for the compliment! The Interceptor 650 is a fantastic bike, and we're happy to offer a discount on the annual fee. Can you tell me more about the costs associated with owning this bike?",0.28571428571428564
12,2,That sounds reasonable. I'm happy to pay $850 annually. Please tell me more about the claim process.,It is one of our most sought after policies because it offers excellent value for weekend riders,"The 's Choice policy is a great option for anyone who wants to take advantage of our excellent value. It's a convenient policy that offers comprehensive coverage for accidents and injuries, flexible payment options, and a dedicated customer service team. With its no hassle features, you can enjoy the benefits of our policy without any stress. So why not give it a try?"" The final answer is: $ boxed{The 's Choice policy is a great option for anyone who wants to take advantage of our excellent value",0.19047619047619047
14,3,"Hi, I'm looking for a motor insurance policy for my bike. It's a 2022 Royal Enfield Classic 350.","Okay, a Royal Enfield Classic 350 is a great bike! Since you're a professional and likely value your time, would you prefer a policy with quick claim settlements or are you more focused on the lowest possible premium?",I completely understand your concern about paying a premium for a policy that only offers quick claim settlements. We can work together to find a policy that meets your needs and budget. Let’s explore your options and see what we can do for you.,0.2619047619047619
15,3,I value my time. Quick claim settlement is important to me.,"I understand. As a professional, you're busy and don't want to be stuck dealing with lengthy claim processes. Bajaj Allianz emphasizes reliability and efficiency, offering extensive vehicle protection while ensuring that claims are settled quickly.",I/PRP understand/VB As/IN a/DT professional/NN you/PRP are/PRP busy/IN and/CC don't/NN want/VP to/TO be/IN stuck/VB dealing/VBD with/VB lengthy/IN claim/VBD processes/VN Bajaj/NN Allianz/NN emphasizes/VB reliability/VB and/CC efficiency/VB offering/VB extensive/VB vehicle/VBD protection/VB while/CC ensuring/,0.6464646464646465
16,3,What does this policy typically cover?,"It provides Comprehensive Coverage, Liability Coverage, access to our Network Garages, and excellent Customer Support. This is one of our most popular plans—most of our clients go for it because it offers complete peace of mind for daily drivers","Thank you for sharing your perspective. It’s completely valid to question the environmental impact of electric cars—there’s certainly a lot of debate around it. While no solution is perfect, research does show that electric vehicles tend to produce fewer emissions over their lifetime, especially when powered by renewable energy sources. We appreciate open conversations like this, as they help drive better awareness and improvements in sustainable technology.",0.1694915254237288
17,3,Okay. What would be the premium for this policy?,"For a 2022 Royal Enfield Classic 350, the annual premium would be around $850. This includes quick claim settlements.","I’m really sorry to hear that resetting your phone didn’t resolve the issue, especially after already speaking with support. That can be incredibly frustrating. There might be a deeper software or hardware problem at play. I’d recommend following up for an advanced diagnostic—or we can help guide you through that next step right here. Let’s make sure you get the solution you need. ",0.07920792079207921
18,3,"That sounds good, can I get paperless claim settlement as part of the deal.","Yes, our policy includes paperless claim settlement, streamlining the claims process through digital submissions and verifications, reducing paperwork and expediting claim settlements in an environmentally friendly manner.","Thank you for bringing this to our attention. We appreciate your feedback and will continue to improve our policy to better serve our customers. Coreference: We also have an established process for handling claims from all levels of the company, including customer service, claims adjustment, and internal review processes. As a result of this policy, we have seen a significant reduction in paper usage, with claims submitted digitally and verified in a fraction of the time. We have also seen",0.24299065420560745
20,4,"Hi, I am interested in getting motor insurance for my bike. I just bought a new 2024 Royal Enfield Classic 350.","Congratulations on your new Royal Enfield Classic 350! That's a fantastic bike. As a professional, you value efficiency. ICICI Lombard's plan with Cashless Repairs helps you cut unexpected costs and avoid downtime. It’s a smart choice if you value minimal out-of-pocket expense.",", efficiency, ICICI Lombard, Cashless Repairs, Royal Enfield Classic 350, minimal out of pocket expense Coreference: By using this plan, you can save up to 50% on repair costs and enjoy hassle free maintenance. What do you think about this innovative approach to bike maintenance? I completely agree. The cashless repair plan is a great example of how technology can be leveraged to improve efficiency and reduce costs. It’s a smart move that can",0.44628099173553715
21,4,Cashless repairs sound good. Does the insurance cover theft as well?,"Yes, it does. Our comprehensive policy covers theft, accidents, and any damages from natural disasters. We also offer roadside assistance in case you ever get stranded.",": The given sentence is segmented into individual sentences using the split method. The code initializes the current segment and topic variables. It then iterates through the sentences, updating the current segment and topic variables as necessary. Finally, it returns the agent response, which is the last sentence in the segmented text. Output Absolutely. Our policy covers a wide range of damages, including theft, vandalism, and property damage. It also covers",0.18749999999999997
22,4,That’s reassuring. What’s the claim process like if something happens?,"With IFFCO Tokio, you’re choosing a provider known for its customer-first approach and streamlined claims resolution. Their policy ensures clarity and speed during stressful times like accidents or thefts.","With IFFCO Tokio, you’re choosing a provider known for its customer first approach and streamlined claims resolution. Their policy ensures clarity and speed during stressful times like accidents or thefts. We appreciate open conversations like this, as they help drive better awareness and improvements in sustainable technology. Thank you for sharing your perspective. It’s completely valid to question the environmental impact of electric cars—there’s certainly a lot of debate around it. While no solution is perfect, research does show that electric",0.5344827586206896
23,4,"Okay, that sounds pretty good. What would the premium be for the comprehensive policy?","For a 2024 Royal Enfield Classic 350 with comprehensive coverage, the premium would be around $950 per year. This includes coverage for theft, accidents, and natural disasters, as well as roadside assistance.","nThe Royal Enfield Classic 350 is a popular choice among enthusiasts for its affordability, reliability, and fuel efficiency. According to the latest study, the average cost of owning a new car is $6,000. This includes the purchase price, insurance, fuel, maintenance, and repairs. However, the cost can vary greatly depending on the vehicle and location. The estimated annual premium for a 2024 Royal Enfield Classic 350 is $900 $1,100",0.2524271844660194
24,4,That sounds reasonable. Let me think about it.,"Consider the peace of mind knowing you're fully protected. Accidents are unpredictable, and the financial strain can be significant. Bajaj Allianz offers prompt claims settlement, allowing you to focus on recovery, not paperwork.","Extract key terms and phrases from the text We need to identify all the key terms and phrases that convey the main idea or message. In this case, we have several key terms: peace of mind, fully protected, accidents, financial strain, prompt claims settlement, and paperwork. We need to find all occurrences of these terms and phrases in the text.",0.3177570093457944
