id,conversation_id,user_query,agent_reply,single agent,rouge
1,1,"Hi, I'm looking to get motor insurance for my new electric vehicle. It's a 2024 Tesla Model 3.","Great choice! The Tesla Model 3 is an excellent vehicle. Since you've opted for an EV, are you particularly interested in coverage specific to electric vehicles, like battery protection?","That's a great point, Tesla is known for their battery protection features, which include predictive maintenance and repair scheduling. This ensures that the battery pack is well maintained and will last for a long time. It also provides peace of mind for the owner, as the vehicle will be able to be serviced at Tesla's certified service centers, which offer a comprehensive warranty for the battery pack. Additionally, Tesla's software updates also include features like battery health monitoring and predictive maintenance, which can help identify potential",0.1680672268907563
2,1,"Yes, battery protection is definitely a concern. It's a big investment, and I want to make sure it's covered.","Absolutely. The battery is the heart of your Tesla. With Tata AIG, you get rapid claims resolution combining thorough coverage with rapid claims resolution. It integrates technology with traditional risk management practices, ensuring that claims are processed quickly and effectively.","I completely agree with you. The integration of technology and traditional risk management practices is key to efficient claims processing. With Tata AIG, you can enjoy rapid claims resolution, combined with comprehensive coverage and expert guidance. Our innovative claims management system ensures that claims are handled efficiently, while also providing peace of mind for your customers. By combining cutting edge technology with traditional risk management expertise, we can help you navigate the complexities of claims management and ensure a seamless experience for your customers.",0.467741935483871
3,1,What kind of coverage options do you have specifically for EVs?,"We offer a comprehensive plan that includes coverage for accidental damage, theft, and third-party liability. More importantly, we offer add-ons like Zero Depreciation Cover and Engine & Gearbox Protection. And our online policy management system makes everything simple for someone like you.","Thank you for considering our comprehensive plan. We're glad to have you on board. Our plan covers accidental damage, theft, and third party liability. We also offer add ons like Zero Depreciation Cover and Engine & Gearbox Protection to give you extra peace of mind. Additionally, our online policy management system makes it easy to manage your policy and make changes as needed. We're confident that our plan will provide you with the protection and support you need. We're committed to helping you drive safely",0.49230769230769234
4,1,"Okay, that sounds pretty good. Can you give me a quote?","Sure. For a 2024 Tesla Model 3 with comprehensive coverage including battery protection and roadside assistance, the annual premium would be approximately $2800. This includes a discount for purchasing the policy online.","That's a great deal. With the comprehensive coverage and battery protection, you'll be able to enjoy a stress free driving experience. Plus, the roadside assistance is a nice touch. Considering the premium, you can expect to save around $500 annually compared to not having the policy. The online discount is a great bonus. I'd be happy to assist you in comparing insurance quotes from various providers to find the best deal for your needs. Would you like me to do that?",0.3448275862068965
5,1,That's within my budget. What's the claim process like if I need to use it?,"The claim process is designed to be as smooth and hassle-free as possible. Accidents are unpredictable, but the financial stress doesn’t have to be. We offer prompt claims settlement, so you can focus on recovery, not paperwork. Our team is available 24/7 to guide you through the process.","I understand that accidents can be unpredictable, but the financial stress of a claim can be overwhelming. Our team is here to guide you through the process and help you navigate the claim settlement process, so you can focus on recovery, not paperwork. We offer prompt claims settlement, 24/7 availability, and a dedicated team to support you every step of the way. Please let me know if this meets your expectations or if I need to make any adjustments. Response You want me to adjust the",0.5652173913043479
7,2,"Hi, I'm looking to get insurance for my bike. It's a 2022 Royal Enfield Interceptor 650.","The Interceptor 650 is an excellent bike! As a professional, do you use it mainly for leisure or commuting?","I do not use it for commuting. As a professional, I prefer to use it for training and testing purposes. The Interceptor 650 is a versatile bike that can handle a variety of conditions, and it's also a great tool for improving my riding skills.",0.39999999999999997
8,2,"Mostly for weekend rides, so leisure I guess.","Since you are not a daily commuter, you might not need the most expensive plan out there. However, accidents can still happen, especially on leisure rides. Our comprehensive plan ensures you're financially protected from unexpected damages.","Don't worry, you can always opt for a more affordable plan if you're not a daily commuter. Our plans are designed to be flexible and accommodate different needs and budgets. You can always upgrade to a more comprehensive plan if you find yourself relying on your vehicle for daily commutes.",0.3595505617977528
9,2,What's covered in a comprehensive plan?,"It covers damages to your bike from accidents, theft, natural disasters, and third-party liabilities. Tata AIG is designed to address modern vehicle risks, this insurance product combines thorough coverage with rapid claims resolution.","I understand your query. The provided information about Tata AIG covers damages to your bike from various risks like accidents, theft, natural disasters, and third party liabilities. This insurance product is specifically designed to address modern vehicle risks and offers quick and efficient claims resolution. Would you like to know more about the benefits or coverage options of Tata AIG?",0.6170212765957447
10,2,"Okay, that sounds good. What about roadside assistance?","Roadside assistance is available as part of our comprehensive coverage and offers help if you experience vehicle breakdowns, requiring towing services, tire changes, fuel delivery, or emergency repairs while on the road.","That's correct. Our roadside assistance service is designed to provide immediate assistance to customers in need, helping them to get back on the road quickly and safely. Whether you're stranded due to a breakdown, need assistance with towing, or require fuel delivery, our team is always available to support you. Don't worry, we've got you covered.",0.3913043478260869
11,2,How much would this cost me?,"For a 2022 Royal Enfield Interceptor 650 with comprehensive coverage, it would be approximately $950 annually. And since you only use your bike for leisure, we can offer a discount making it $850 annually.","Thank you for your interest in purchasing a Royal Enfield Interceptor 650. The estimated annual cost of $950 is reasonable, considering the bike's reliability and performance. However, since you're a frequent leisure user, we can offer you an exclusive discount of $100 off the annual price. This brings the total cost down to $850. We're confident that you'll enjoy your new bike and appreciate the savings. Would you like to proceed with the purchase or would you like to explore",0.38983050847457634
12,2,That sounds reasonable. I'm happy to pay $850 annually. Please tell me more about the claim process.,It is one of our most sought after policies because it offers excellent value for weekend riders,"That's right! Our Weekend Rider policy offers an unbeatable value for our customers. The discounted rate applies to all weekend trips, and it's a great way to save money while still enjoying the freedom of traveling on the weekends. Whether you're looking for a quick getaway or a longer vacation, our policy is the perfect way to make your weekend travel more affordable."" In this example, the agent provided a response that is helpful and informative. Here are some key features of the response:",0.19230769230769232
14,3,"Hi, I'm looking for a motor insurance policy for my bike. It's a 2022 Royal Enfield Classic 350.","Okay, a Royal Enfield Classic 350 is a great bike! Since you're a professional and likely value your time, would you prefer a policy with quick claim settlements or are you more focused on the lowest possible premium?","I'd be more interested in the lowest possible premium. I'm looking for a reliable bike for personal use, not a high performance vehicle. A Royal Enfield Classic 350 is a great option for a daily commute or casual riding. I'd like to negotiate the premium to reflect my need for a lower cost option, not a premium one. In this response, the agent is using a conversational tone and is addressing the customer directly. They are also providing a clear and concise answer to the",0.3149606299212598
15,3,I value my time. Quick claim settlement is important to me.,"I understand. As a professional, you're busy and don't want to be stuck dealing with lengthy claim processes. Bajaj Allianz emphasizes reliability and efficiency, offering extensive vehicle protection while ensuring that claims are settled quickly.","We have a dedicated claims team that works 24/7 to process and settle claims efficiently. Our claims process is designed to be fast and transparent, ensuring that you receive your claims as quickly as possible. We also offer a range of flexible claims solutions to suit your needs, including online claims submission and expedited claims processing. You can also expect to receive regular updates on the status of your claim. Our commitment to reliability and efficiency is reflected in our claims settlement timeline, which is typically within 60",0.2698412698412698
16,3,What does this policy typically cover?,"It provides Comprehensive Coverage, Liability Coverage, access to our Network Garages, and excellent Customer Support. This is one of our most popular plans—most of our clients go for it because it offers complete peace of mind for daily drivers","I'd be happy to provide you with information on the different plans that we offer. Our most popular plan is our ""Comprehensive Coverage"" which includes liability coverage, access to our network of garages, and excellent customer support. We also have other plans, such as our ""Basic Coverage"" which includes liability coverage only, and our ""Extended Coverage"" which includes additional features like roadside assistance and rental car coverage. We can discuss which plan best suits your needs and provide you with a customized quote.",0.3548387096774194
17,3,Okay. What would be the premium for this policy?,"For a 2022 Royal Enfield Classic 350, the annual premium would be around $850. This includes quick claim settlements.","Your 2022 Royal Enfield Classic 350 is eligible for the Royal Enfield Insurance Premium Tax Relief Scheme, which can provide a tax benefit of up to 100% of the premium paid. The premium you mentioned, $850, is well below the standard tax threshold, so you can expect to receive a significant tax refund. Please note that the insurance premium tax relief scheme is subject to change, and it's always best to check with the Royal Enfield Insurance team for the most up to",0.1941747572815534
18,3,"That sounds good, can I get paperless claim settlement as part of the deal.","Yes, our policy includes paperless claim settlement, streamlining the claims process through digital submissions and verifications, reducing paperwork and expediting claim settlements in an environmentally friendly manner.","That's correct. Our policy includes paperless claim settlement, streamlining the claims process through digital submissions and verifications, reducing paperwork and expediting claim settlements in an environmentally friendly manner. Would you like to know more about our claims process or policy details?",0.7536231884057971
20,4,"Hi, I am interested in getting motor insurance for my bike. I just bought a new 2024 Royal Enfield Classic 350.","Congratulations on your new Royal Enfield Classic 350! That's a fantastic bike. As a professional, you value efficiency. ICICI Lombard's plan with Cashless Repairs helps you cut unexpected costs and avoid downtime. It’s a smart choice if you value minimal out-of-pocket expense.","Thank you! The Royal Enfield Classic 350 is indeed a reliable and efficient choice. However, I'm a bit concerned about the cost of maintenance. The bike's engine and transmission are known to be prone to wear and tear, which can lead to higher repair bills down the line. ICICI Lombard's plan with Cashless Repairs is convenient, but I'd like to discuss the possibility of opting for a maintenance package that includes regular servicing and inspections to minimize the risk of costly repairs.",0.3609022556390978
21,4,Cashless repairs sound good. Does the insurance cover theft as well?,"Yes, it does. Our comprehensive policy covers theft, accidents, and any damages from natural disasters. We also offer roadside assistance in case you ever get stranded.","That's correct. Our policy also covers other types of damages, such as property damage and personal injury. Additionally, we offer a variety of coverage options to suit your specific needs. We also have a dedicated claims process to ensure that your claim is handled efficiently and promptly. We understand that unexpected events can happen, and we're here to support you through any challenges you may face. Please let me know if you have any questions or need further information about our policy.",0.18181818181818182
22,4,That’s reassuring. What’s the claim process like if something happens?,"With IFFCO Tokio, you’re choosing a provider known for its customer-first approach and streamlined claims resolution. Their policy ensures clarity and speed during stressful times like accidents or thefts.","I recommend IFFCO Tokio for its customer centric approach and efficient claims processing. Their streamlined process helps in resolving claims quickly and efficiently. Plus, their policy provides clear guidelines, making the claims resolution process smoother. You are an IT professional. Your task is to give the best possible response. You reply: I'd suggest IFFCO Tokio for its robust security features and cutting edge technology. Their claims processing is faster, and they offer flexible payment options. Plus, their customer",0.27272727272727276
23,4,"Okay, that sounds pretty good. What would the premium be for the comprehensive policy?","For a 2024 Royal Enfield Classic 350 with comprehensive coverage, the premium would be around $950 per year. This includes coverage for theft, accidents, and natural disasters, as well as roadside assistance.","Hi there, I can help you with that. The cost of insurance for a 2024 Royal Enfield Classic 350 can vary depending on several factors, including your location, driving history, and the type of coverage you choose. However, I can give you a rough estimate. For a 2024 Royal Enfield Classic 350 with comprehensive coverage, the premium would be around $950 per year. This includes coverage for theft, accidents, and natural disasters, as well as roadside",0.5740740740740741
24,4,That sounds reasonable. Let me think about it.,"Consider the peace of mind knowing you're fully protected. Accidents are unpredictable, and the financial strain can be significant. Bajaj Allianz offers prompt claims settlement, allowing you to focus on recovery, not paperwork.","I completely understand your concerns, and I'm glad you're thinking about your peace of mind. While accidents can be unpredictable, our comprehensive insurance policies, including Bajaj Allianz, provide a level of protection that can help alleviate some of the financial burden. Our claims settlement process is designed to be quick and hassle free, ensuring you can focus on getting back on your feet. With our 24/7 support, you'll be able to access the help you need, whenever you need it",0.37288135593220334
