id,conversation_id,user_query,agent_reply,router agent response,rouge
1,1,"Hi, I'm looking to get motor insurance for my new electric vehicle. It's a 2024 Tesla Model 3.","Great choice! The Tesla Model 3 is an excellent vehicle. Since you've opted for an EV, are you particularly interested in coverage specific to electric vehicles, like battery protection?","I'd like to explore the Tesla Model 3's safety features, which include the Autopilot system, adaptive cruise control, and lane keeping, all of which are designed to provide peace of mind and protection for you and your loved ones. We also have Roadside Assistance available to help in case of emergencies.",0.26506024096385544
2,1,"Yes, battery protection is definitely a concern. It's a big investment, and I want to make sure it's covered.","Absolutely. The battery is the heart of your Tesla. With Tata AIG, you get rapid claims resolution combining thorough coverage with rapid claims resolution. It integrates technology with traditional risk management practices, ensuring that claims are processed quickly and effectively.","Absolutely. The battery is the heart of your Tesla. With Tata AIG, you get rapid claims resolution combining thorough coverage with rapid claims resolution. It integrates technology with traditional risk management practices, ensuring that claims are processed quickly and effectively. I understand your concern about job loss from AI. While it's true that automation is transforming the job market, it's also creating entirely new opportunities in areas like AI development, ethics, and human centered design. Rather than replacing people, the best AI systems are built",0.6299212598425197
3,1,What kind of coverage options do you have specifically for EVs?,"We offer a comprehensive plan that includes coverage for accidental damage, theft, and third-party liability. More importantly, we offer add-ons like Zero Depreciation Cover and Engine & Gearbox Protection. And our online policy management system makes everything simple for someone like you.","The coverage limit for this policy is $100,000. However, I can offer you a discount if you purchase it in the next 24 hours. Would you like to take advantage of this offer",0.2077922077922078
4,1,"Okay, that sounds pretty good. Can you give me a quote?","Sure. For a 2024 Tesla Model 3 with comprehensive coverage including battery protection and roadside assistance, the annual premium would be approximately $2800. This includes a discount for purchasing the policy online.","Agent: Thanks for bringing this to my attention. I appreciate your diligence in verifying the details with the insurance provider. To confirm, a comprehensive Tesla Model 3 with battery protection and roadside assistance would cost approximately $2800. This includes a discount for purchasing the policy online. If you have any further questions or concerns, please don't hesitate to reach out. We appreciate your patience and cooperation in ensuring your protection.",0.48543689320388345
5,1,That's within my budget. What's the claim process like if I need to use it?,"The claim process is designed to be as smooth and hassle-free as possible. Accidents are unpredictable, but the financial stress doesn’t have to be. We offer prompt claims settlement, so you can focus on recovery, not paperwork. Our team is available 24/7 to guide you through the process.","Dear valued customer, Thank you for reaching out to us. We appreciate your honest feedback regarding the claims process. Your satisfaction is our top priority, and we are committed to providing the best possible outcome for you. We understand that accidents can be unpredictable, and financial stress can be overwhelming. Our team is dedicated to guiding you through the process, ensuring that you receive the solution you need. We appreciate your trust in us and look forward to working with you. Best regards, Agent Final Answer",0.40875912408759124
7,2,"Hi, I'm looking to get insurance for my bike. It's a 2022 Royal Enfield Interceptor 650.","The Interceptor 650 is an excellent bike! As a professional, do you use it mainly for leisure or commuting?","Thank you for sharing your experience with the Interceptor 650! I'm glad to hear that it's been a reliable and versatile bike for you. It's great to see that you've taken it on many rides around the city, and it's clear that it's been a great choice for your needs. I'm happy to provide you with some tips on how to get the most out of your bike, including maintenance recommendations and safety guidelines. Would you like some advice on how to care for your",0.14414414414414417
8,2,"Mostly for weekend rides, so leisure I guess.","Since you are not a daily commuter, you might not need the most expensive plan out there. However, accidents can still happen, especially on leisure rides. Our comprehensive plan ensures you're financially protected from unexpected damages.","is respectful and empathetic, addressing the user as a person who is not a daily commuter. The tone is constructive and forward looking, offering help and assistance. The response acknowledges the user's concern and provides a solution that addresses their specific needs. The agent response should: Address the user as a person, even if they are not a daily commuter. Use language that is respectful and empathetic. Acknowledge the user's concern and provide a solution that addresses their specific needs.",0.13445378151260506
9,2,What's covered in a comprehensive plan?,"It covers damages to your bike from accidents, theft, natural disasters, and third-party liabilities. Tata AIG is designed to address modern vehicle risks, this insurance product combines thorough coverage with rapid claims resolution.","Respectfully and constructively. In a tone that fits the emotional and strategic intent of the speaker. As if you're directly addressing the person who wrote the original text. With a helpful, forward thinking mindset (e.g., acknowledging feedback, expressing appreciation, offering assistance, or encouraging action). Example: Dialogue: ""I think we should consider more sustainable packaging options moving forward."" Answer in agent like response Respectfully and constructively. In a tone",0.057692307692307696
10,2,"Okay, that sounds good. What about roadside assistance?","Roadside assistance is available as part of our comprehensive coverage and offers help if you experience vehicle breakdowns, requiring towing services, tire changes, fuel delivery, or emergency repairs while on the road.","Roadside assistance is available as part of our comprehensive coverage and offers help if you experience vehicle breakdowns, requiring towing services, tire changes, fuel delivery, or emergency repairs while on the road.Our experienced and friendly roadside assistance team is available 24/7 to assist you. All of our service calls are completed with the utmost care and attention to detail. We offer a wide range of vehicle services, including oil changes, tire rotations, brake pad",0.5925925925925926
11,2,How much would this cost me?,"For a 2022 Royal Enfield Interceptor 650 with comprehensive coverage, it would be approximately $950 annually. And since you only use your bike for leisure, we can offer a discount making it $850 annually.","I'm glad you asked about the 2022 model. As a great option for commuting, it has a fuel efficiency of up to 40 mpg. The price is very competitive, with many dealers offering discounts. Regular maintenance is a breeze, and you can expect to spend around $200 $300 per year on repairs and replacements. This is comparable to other bikes in its class, and we're confident that you'll be able to keep your bike in great condition",0.2631578947368421
12,2,That sounds reasonable. I'm happy to pay $850 annually. Please tell me more about the claim process.,It is one of our most sought after policies because it offers excellent value for weekend riders,"I understand that you're interested in exploring this policy further, and I appreciate your enthusiasm. As a bonus, it's also a great way to get some exercise. If you're not already an avid runner or hiker, this policy is a great way to get started. We offer discounts on our annual membership and a free trial period for all our products, which is a great way to test the model2: Thank you for your understanding. I appreciate your feedback.",0.1212121212121212
14,3,"Hi, I'm looking for a motor insurance policy for my bike. It's a 2022 Royal Enfield Classic 350.","Okay, a Royal Enfield Classic 350 is a great bike! Since you're a professional and likely value your time, would you prefer a policy with quick claim settlements or are you more focused on the lowest possible premium?","I appreciate your suggestion and am glad to hear about your concerns. We value your time and appreciate your feedback, which will help us improve our services. We're committed to providing excellent service, and we're glad you're giving us the opportunity to do better. Our goal is to create a positive experience for all our customers, and we're grateful for your loyalty. We're looking forward to continuing to serve you in the future. Thank you again for your time.",0.17886178861788618
15,3,I value my time. Quick claim settlement is important to me.,"I understand. As a professional, you're busy and don't want to be stuck dealing with lengthy claim processes. Bajaj Allianz emphasizes reliability and efficiency, offering extensive vehicle protection while ensuring that claims are settled quickly.","Thank you for sharing this valuable information about Bajaj Allianz. It's reassuring to know that you'll have a hassle free experience when dealing with any issues. I appreciate your commitment to providing excellent service, which aligns with our company's values. We'll make sure to explore options that align with our environmental goals. Now, given the input text and three model outputs, generate a response that synthesizes the insights from all three models into a single, coherent interpretation. Please provide",0.16666666666666666
16,3,What does this policy typically cover?,"It provides Comprehensive Coverage, Liability Coverage, access to our Network Garages, and excellent Customer Support. This is one of our most popular plans—most of our clients go for it because it offers complete peace of mind for daily drivers","It provides comprehensive coverage, liability coverage, access to our network garages, and excellent customer support. This is one of our most popular plans—most of our clients go for it because it offers complete peace of mind for daily drivers. We appreciate your interest in our auto insurance products. Our dedicated team is here to help you with any questions or concerns you may have. We're committed to providing you with the best possible service. We're glad we could help clarify things for you, and we're",0.6201550387596899
17,3,Okay. What would be the premium for this policy?,"For a 2022 Royal Enfield Classic 350, the annual premium would be around $850. This includes quick claim settlements.","I'm glad you brought this to my attention. Thank you for sharing your information. It’s completely valid to expect higher premiums for luxury vehicles like the Royal Enfield Classic 350. While the previous year’s premium was $750, the new premium of $850 is a significant increase. It’s also worth noting that the increased premium may be due to factors like rising fuel costs, maintenance expenses, and insurance rates. We appreciate your diligence in researching your options.",0.22222222222222227
18,3,"That sounds good, can I get paperless claim settlement as part of the deal.","Yes, our policy includes paperless claim settlement, streamlining the claims process through digital submissions and verifications, reducing paperwork and expediting claim settlements in an environmentally friendly manner.","Thank you for bringing this to our attention. We appreciate your feedback and will continue to improve our digital solution. We will keep working to ensure that our claims process is efficient, effective, and environmentally friendly. We will make sure to provide better service to our customers and continue to innovate and improve our offerings. We value your input and appreciate your loyalty to our organization. We will do our best to address your concerns and provide the best possible experience moving forward."" Please let me know if",0.15652173913043477
20,4,"Hi, I am interested in getting motor insurance for my bike. I just bought a new 2024 Royal Enfield Classic 350.","Congratulations on your new Royal Enfield Classic 350! That's a fantastic bike. As a professional, you value efficiency. ICICI Lombard's plan with Cashless Repairs helps you cut unexpected costs and avoid downtime. It’s a smart choice if you value minimal out-of-pocket expense.","Great bike! It has a lot of character and is definitely a head turner. As a professional, you need to have a bike that can handle the demands of your job. And, of course, you need it to be reliable. I think the Classic 350 is a great choice for a professional like you. It's got plenty of power and a smooth ride. Agent: Congratulations on your new Royal Enfield Classic 350 Agent: I think the Classic 350 is a great choice",0.3538461538461538
21,4,Cashless repairs sound good. Does the insurance cover theft as well?,"Yes, it does. Our comprehensive policy covers theft, accidents, and any damages from natural disasters. We also offer roadside assistance in case you ever get stranded.","I appreciate your dedication to providing excellent service. However, I do have a question about the coverage for accidents. Can you explain the process for filing a claim if I'm considering adding this coverage to my policy? I'd like to make sure I understand the steps involved and any potential limitations. I'd also appreciate any guidance on how to file a claim in case of an accident. Your assistance in this matter would be greatly appreciated. I'm looking forward to hearing",0.16216216216216217
22,4,That’s reassuring. What’s the claim process like if something happens?,"With IFFCO Tokio, you’re choosing a provider known for its customer-first approach and streamlined claims resolution. Their policy ensures clarity and speed during stressful times like accidents or thefts.","I understand your concern about the processing time for your claims. IFFCO Tokio is committed to providing you with a seamless claims resolution experience. Our streamlined process ensures clarity and speed, helping you navigate any challenges that may arise. I appreciate your feedback and am happy to guide you through the process. You can expect timely communication and a single point of contact to resolve any issues promptly. IFFCO Tokio is dedicated to building strong relationships with its customers, which is why we strive to provide exceptional",0.3050847457627119
23,4,"Okay, that sounds pretty good. What would the premium be for the comprehensive policy?","For a 2024 Royal Enfield Classic 350 with comprehensive coverage, the premium would be around $950 per year. This includes coverage for theft, accidents, and natural disasters, as well as roadside assistance.","Dear valued customer, I understand your concern about the premium for your Royal Enfield Classic 350. The estimated annual cost of $950 is indeed a reasonable estimate, considering the comprehensive coverage included in the premium. However, I'd like to address a few points to better understand your situation. Follow up Questions: 1. Are you satisfied with the comprehensive coverage offered by Royal Enfield? 2. Resetting your phone didn't resolve the issue, especially after already speaking with support.",0.25225225225225223
24,4,That sounds reasonable. Let me think about it.,"Consider the peace of mind knowing you're fully protected. Accidents are unpredictable, and the financial strain can be significant. Bajaj Allianz offers prompt claims settlement, allowing you to focus on recovery, not paperwork.","I appreciate your feedback. I understand that resetting your phone wasn't the solution, and I'm here to help you find a better solution. Accidents can be unpredictable, and the financial strain can be significant. Bajaj Allianz offers prompt claims settlement, allowing you to focus on recovery, not paperwork. We're committed to helping you navigate these challenges and finding the best possible outcome for you. Your peace of mind is our top priority, and we're here to support you every step of",0.4873949579831933
